personal_allowance,basic_rate,higher_rate,additional_rate,basic_rate_threshold,higher_rate_threshold,pa_taper_threshold,pa_taper_rate,ni_primary_threshold,ni_upper_earnings_limit,ni_main_rate,ni_higher_rate,sl_repayment_rate,sl_plan2_threshold,sl_plan1_threshold,sl_plan4_threshold,sl_plan5_threshold,sl_postgrad_threshold,sl_postgrad_rate,sl_plan1_interest,sl_plan2_interest_min,sl_plan2_interest_max,sl_plan4_interest,sl_plan5_interest,sl_plan1_writeoff,sl_plan2_writeoff,sl_plan4_writeoff,sl_plan5_writeoff,year
12570,0.2,0.4,0.45,50270,125140,100000,0.5,12569.96,50269.96,0.08,0.02,0.09,28470.0,26072.046534976835,32754.377789739807,25000.0,21909.28280250154,0.06,0.045,0.045,0.078,0.045,0.045,25,30,30,40,2025
12570,0.2,0.4,0.45,50270,125140,100000,0.5,12569.96,50269.96,0.08,0.02,0.09,29385.0,27039.374070086727,33969.63381073921,25000.0,22722.163084106494,0.06,0.045,0.045,0.078,0.045,0.045,25,30,30,40,2026
12570,0.2,0.4,0.45,50270,125140,100000,0.5,12569.96,50269.96,0.08,0.02,0.09,29385.0,27885.634518380528,35032.792945360416,25782.433467302413,23433.30631796683,0.06,0.045,0.045,0.078,0.045,0.045,25,30,30,40,2027
12570,0.2,0.4,0.45,50270,125140,100000,0.5,12826.404548831579,51295.53662967755,0.08,0.02,0.09,29385.0,28685.946908756607,36038.22741898414,26522.38438878237,24105.83773845093,0.06,0.045,0.045,0.078,0.045,0.045,25,30,30,40,2028
12570,0.2,0.4,0.45,50270,125140,100000,0.5,13088.070481728953,52341.99469160564,0.08,0.02,0.09,29385.0,29520.720342570978,37086.95538835598,27294.197219629175,24807.328018967208,0.06,0.045,0.045,0.078,0.045,0.045,25,30,30,40,2029
12570,0.2,0.4,0.45,50270,125140,100000,0.5,13349.811005827269,53388.75105970875,0.08,0.02,0.09,30063.830600980982,30202.68625482345,37943.71088316055,27924.727636573,25380.408617498695,0.06,0.045,0.045,0.078,0.045,0.045,25,30,30,40,2030
